workers,mode,batch,trials,evaluator_batch_ms,overhead_percent,overhead_low,overhead_high,direct_samples_per_second,gammaboard_samples_per_second
1,materialized,128,3,0.6415751226399752,1551.0234603447661,1549.882374636735,1551.8676872469896,190225.52068260234,11522.009644512911
1,materialized,512,3,2.5561222500000023,320.94192864917704,318.946616273495,326.04982784703634,194504.21758333093,46190.15444917676
1,materialized,2048,3,10.224611528645836,7.831046841203171,7.5298569900547285,8.113001823425714,195851.54382948208,181660.247906171
1,materialized,8192,3,41.00096868229167,4.017396880934898,2.7656434015838505,10.779249084629306,195578.33930380226,188024.6431543312
1,materialized,32768,3,163.79198822916672,1.6922914770498787,0.7215316773440117,4.369791555128266,195857.90171872324,192601.91196234815
1,training,128,3,0.6417458454589855,1548.7175777485124,1547.091225932546,1552.0792447294418,189925.87866860707,11510.531759995147
1,training,512,3,2.562741840169271,321.0865254845248,319.02143590383724,323.0625856366847,193368.68296458904,45921.36562481752
1,training,2048,3,10.263403040364587,6.528126742993057,4.800527660280651,7.1647500389774965,195057.68328874026,183104.39623080133
1,training,8192,3,40.9769590885417,4.472558058409404,3.3281501106896982,5.539368428718738,195653.9264729575,187277.81736096635
1,training,32768,3,163.81804922916666,2.0263206290946023,1.7038865421309835,2.047051904451691,195770.27527940486,191843.1464955085
16,materialized,128,3,0.6444740828067405,1885.8548948943383,1580.1875911881273,2007.2305714107843,2772110.8207304534,134117.17632194387
16,materialized,512,3,2.5565742441089654,724.4864367250585,657.6104304649433,738.3490029332942,3019964.7827384346,364196.8028935795
16,materialized,2048,3,10.216519547119155,124.57835305803519,122.92028388412919,125.1343075467969,3134449.2290597823,1395704.0767191765
16,materialized,8192,3,40.885983226562466,23.45875151847938,22.143871449020857,23.605165875813583,3135094.3435062617,2541858.4735742053
16,materialized,32768,3,163.7297429010418,9.538413756609065,8.381086043561092,11.18520629955051,3130481.674579447,2857884.7978712562
16,training,128,3,0.6458983941094234,1927.477144568675,1906.7048993408807,1933.2219838003691,2765537.026087935,137777.26171566267
16,training,512,3,2.564608581862335,726.636290260947,717.9907004261038,730.4520902757736,3011999.0828535254,363205.35007093067
16,training,2048,3,10.24767155521924,123.23494998470994,121.88845356025611,123.5869389148982,3115965.575704501,1395941.2889437818
16,training,8192,3,40.970208669502625,26.009504530724925,24.69391835766519,29.17191967680384,3123053.3733467064,2478426.833735555
16,training,32768,3,163.8380976575521,7.8748720090646485,6.910333157402704,11.202394029836471,3119960.0572298053,2892202.789327655
