mode,eval_us,workers,batch,rate,batches_per_second,elapsed_seconds,valid,adequate,sampler_compute,sampler_io,evaluator_compute,evaluator_io
materialized,0.0,1,65536,2672478.1020270158,40.36096426788857,11.967008439,True,True,28.328895314820127,35.21940430211808,45.83269884599177,49.43740705489621
materialized,0.0,2,65536,3655930.6961545465,53.64897523385991,12.171714318,True,True,32.78957190194546,58.025929745617944,33.828014303756184,37.07307126173454
materialized,0.0,4,65536,3891259.3077558237,60.5533308420196,11.890345089,True,True,32.73329061408539,58.90660954390405,18.45471103068703,25.545103536038688
materialized,0.0,8,65536,4363230.267307274,66.32980279752559,12.106171978999999,True,True,35.258673744304325,68.75131733993021,12.109774761441244,14.11875257949507
materialized,0.0,16,65536,4825633.419395347,76.5410262292175,11.693075519,True,True,33.31400066364353,75.14983919090858,7.395666725646849,9.551667615225055
materialized,0.0,32,65536,6298076.2401003605,97.02425805712059,11.914546147000001,True,True,33.47326140496084,89.8102718221819,3.768324566460556,6.616191046411511
materialized,0.0,64,65536,5588727.422257787,85.69937728415995,11.843726666000002,True,True,42.68110287880565,78.467606287124,1.5650485415033153,3.535099560811369
materialized,0.0,128,65536,6125178.281465707,94.71453734075789,11.983376912,True,True,32.59824250448311,87.41940528057388,0.7900270007387504,2.5383906580581574
materialized,0.0,256,65536,5033546.854626018,78.1358007678483,12.030336808,True,True,40.51872823509399,83.68134080257416,0.32307365840210495,2.1070737736114484
materialized,0.0,512,65536,3289405.54940082,51.179735821015655,12.15324756999999,True,True,15.130492540439556,96.95031312523496,0.11228586460110675,3.2779194382330608
training,0.0,1,65536,2911327.314347442,44.09426768239986,12.155775074000001,True,True,19.30734004794074,41.541940018295534,47.78486740125026,62.25823478956314
training,0.0,2,65536,3662555.4534374964,58.364293619273944,11.702360427,True,True,33.05600270245376,52.656502518780265,32.63012594849248,43.309212049277434
training,0.0,4,65536,3898097.359571885,60.40437346059045,11.903111626,True,True,39.51728598197387,58.999292635886775,20.319626468072038,28.27545679308394
training,0.0,8,65536,4210188.298415084,65.73253334559759,12.079254511999999,True,True,40.79901796177999,64.2536843419398,11.48219797335063,17.573859009000053
training,0.0,16,65536,4455280.977300717,65.51609134159611,12.164950376,True,True,39.52049405384274,73.56768938125919,6.142962313195347,13.028366787963531
training,0.0,32,65536,5218305.832413529,80.45445533499914,12.056510679999999,True,True,43.5738626824656,79.48852067039351,2.987588395090065,7.5409924466941485
training,0.0,64,65536,5154819.032694309,78.73822991719612,12.204998779,True,True,36.36561874661372,82.82154735150424,1.4171273690373631,5.196526390808019
training,0.0,128,65536,5245866.587398319,80.6250122468897,12.08061832,True,True,44.35973037181428,84.18749453546184,0.6817159023244155,3.5321929792597047
training,0.0,256,65536,4755095.038787451,74.39176668361631,11.990574223000001,True,True,37.94940159139032,84.88318334643947,0.3121183061148012,2.601340537701978
training,0.0,512,65536,3827693.2697596834,57.41182012773794,12.070685069,True,True,19.201565567744655,98.33332026434299,0.12708635255196205,3.1070501181933525
materialized,5000.0,1,256,200.23189994369255,0.7332711179578585,40.912561896,True,True,0.0018039691620293243,5.3553302175736235,99.82347283427723,0.14373857525503195
materialized,5000.0,4,256,896.1063865716446,3.4170723446277376,11.998575349,True,True,0.004835265713844542,4.866192902215361,99.8341389836476,0.16399777972547092
materialized,5000.0,16,256,3150.697733904795,13.138994984083553,12.025272876,True,True,0.02095826868951959,5.132906590684504,99.8511717142189,0.1450999904217859
materialized,5000.0,64,256,13054.841022219296,52.32003047662968,12.079503667,True,True,0.08108482989046972,7.51331002514112,99.82341448617052,0.252415867914457
materialized,5000.0,256,256,51423.5846655181,202.9528121504014,12.022499092999999,True,True,0.3160877759776763,16.93477843708414,99.78263119291688,0.409055370772695
materialized,5000.0,512,256,72180.86936228028,254.4679449397979,12.587047066999999,True,True,0.29683316349833105,89.93298091081175,57.5869368427812,46.63260358819393
training,5000.0,1,256,186.64501159590716,0.7533848124313961,41.147630651,True,True,0.0014961298870923901,5.675204418952973,99.84279225559114,0.18801417834584083
training,5000.0,4,256,852.9886394157448,3.415286544535697,12.004849217,True,True,0.00680167643291775,5.36012332490423,99.84823389463496,0.19440498855172136
training,5000.0,16,256,3060.9323476477316,13.036197335630801,12.043389338,True,True,0.021195561551312525,6.070425355204938,99.83456923701623,0.20558589235490068
training,5000.0,64,256,12869.307030750248,52.92091737444275,12.074620617,True,True,0.0864875289356679,8.803978068704897,99.81706353645711,0.26959067597866737
training,5000.0,256,256,50096.52925041355,205.1463756429378,12.05480717,True,True,0.32226600933675487,64.01175994090995,99.34129567723322,14.289126098556
training,5000.0,512,256,79227.33147687418,307.28656370602835,24.143587375000003,True,True,0.6261385669493947,65.92977815915806,77.17164186801054,21.672513894175587
materialized,5.0,1,65536,191026.93824836423,2.914839755987003,41.854787986000005,True,True,0.9436774739657379,8.686386024022136,99.38254832055848,4.473549667141228
materialized,5.0,4,65536,828791.5888361869,11.398360369888868,12.019272557999999,True,True,6.519575483613056,15.058833571381934,99.13690474434314,4.644979639941081
materialized,5.0,8,65536,1474159.5286853067,23.99905660594858,11.958803411000002,True,True,15.999512160556575,27.431453434400797,98.58784496375749,4.978795881609851
materialized,5.0,16,65536,2863064.0021604947,45.40491343291992,12.223346727,True,True,28.77194359734209,54.48840557134921,97.21811273924543,5.440475744364631
materialized,5.0,64,65536,4842958.939884664,76.27355694878862,12.206065079999998,True,True,40.98543743795933,83.33329171467928,41.433179076110115,3.7177708690675497
materialized,5.0,256,65536,3157287.8499246226,49.69774897406536,11.831521792,True,True,18.30255692436965,98.81286654862124,6.503988974443614,3.721363192413929
materialized,5.0,512,65536,933057.6188102538,14.318223305564787,12.36186894299999,True,True,5.877952317327044,100.00000000000011,1.0187520112125397,8.822912691495661
training,5.0,1,65536,190898.638320305,2.936758136861522,41.882917921,True,True,0.7007624887874393,7.883700689689586,99.28423363202836,5.012391951599222
training,5.0,4,65536,770085.0550399363,11.919638298707703,11.829218007,True,True,7.225301938760693,16.281573387693843,98.83547071123151,5.006726794962026
training,5.0,8,65536,1539317.392971633,23.91517611594778,11.70804675,True,True,14.38105235614984,25.112732497416793,98.57115666647228,5.152302060158924
training,5.0,16,65536,2848985.344111911,45.85973672203105,12.145730434,True,True,30.934307314135143,57.47393492662131,97.81760155023888,5.4858950533294655
training,5.0,64,65536,5141160.2456655,77.45695913911902,12.109951261,True,True,43.97290456609378,82.2783868262837,41.709195264672736,3.633160235890646
training,5.0,256,65536,4326735.646572303,66.10265815647492,12.208283638,True,True,36.53283035722995,84.75732462335831,9.05695426742059,2.1740377735577763
training,5.0,512,65536,3918875.490104028,59.46416190600119,12.007232207000001,True,True,32.23182050850796,85.49630082122722,3.905724715396147,1.900738267228195
materialized,200.0,1,4096,4823.011850840611,1.2344686015650193,52.654235124,True,True,0.02426477750538333,5.726118371864321,99.78164674614479,0.31302689552966034
materialized,200.0,4,4096,19500.10360858272,5.067913771761828,13.023110292,True,True,0.0976574851540081,4.587483240213351,99.79718396183812,0.29585247899163747
materialized,200.0,16,4096,79749.38781504853,18.721216715897434,12.018449623999999,True,True,0.3703958613023181,5.831986436922142,99.79178478487215,0.31438316334921584
materialized,200.0,64,4096,320768.9325316416,79.22237920461012,12.092542658,True,True,1.7371335122893226,12.395864868074963,99.78943241190089,0.34220652080673514
materialized,200.0,256,4096,1271461.9865522857,299.0588585462038,12.151454123999997,True,True,7.0418910302261395,72.64879882617744,98.57596085437753,14.685235746922247
materialized,200.0,512,4096,1117688.8915987532,279.15011303562926,11.789355785000001,True,True,5.992199004621014,91.35660397749206,46.231706916009806,12.74896994548103
training,200.0,1,4096,4980.074179859589,1.2158384228172825,52.638573349,True,True,0.024821930323550873,7.870396916976292,99.78986387259188,0.3496275325478503
training,200.0,4,4096,18462.851343546277,4.889526309201875,13.089202502,True,True,0.0986538942920848,5.345529132833642,99.65925104217409,0.397549241638654
training,200.0,16,4096,78156.76085230666,19.41453721874515,12.001316197999998,True,True,0.37828149222137514,5.803683933567834,99.77777750116381,0.31662409493236054
training,200.0,64,4096,316649.2284215809,74.49577905869936,12.094644977000002,True,True,1.539806694236627,12.511585903328825,99.78089411955638,0.40653183095978485
training,200.0,256,4096,1270361.2069542345,309.56876321267646,12.110394993000002,True,True,6.304975704271811,69.0921690402043,99.71266936729548,1.2532411021804533
training,200.0,512,4096,2010508.4422036156,463.49901573610816,12.030230509,True,True,11.44925928866921,85.09284893869358,79.30369364821262,3.9390375295687603
