study,name,feedback,samples_per_second,io_busy_min,copy_fraction,serialize_fraction
resources,baseline,False,7037945.693633149,1.0,0.8936251315959124,0.09307902444815559
resources,database_24_cores,False,7939048.605746597,1.0,0.8804568525415462,0.1070840205325499
resources,database_8GiB_cache,False,7689243.234232764,1.0,0.8835692090220597,0.10338383073420496
resources,eight_inserts,False,8041550.239460045,0.9999999999999998,0.9389093426013995,0.05180838895935898
resources,queue_128,False,7443842.8251760695,1.0,0.8922369462218261,0.09561673698322493
resources,consumers_32,False,6908305.860695019,1.0,0.9000515487854972,0.08943965009823031
resources,batch_128k,False,5278442.670027454,1.0,0.8905002223113807,0.10129369917264432
resources,batch_1M_default_memory,False,5102263.66048382,0.9999999999999998,0.8927536104098016,0.09728963217736472
resources,batch_1M_fixed_queue,False,3927070.862875133,1.0,0.9228096770882914,0.07577963018620996
storage,disk,False,7207385.847380439,1.0,0.8941580685940652,0.09377545029451931
storage,ram,False,9686214.448838275,0.9999982190297283,0.8534858615313073,0.13143409612264237
storage,disk,True,6741535.5818750225,1.0,0.8975922527580185,0.08997787040688128
storage,ram,True,9348916.703759957,0.999995651561552,0.8479046930403783,0.13637998838705379
