batch_size,feedback,io_threads,samples_per_second,batches_per_second,partner_io_busy_percent,io_busy_percent,input_MiB_per_second,feedback_MiB_per_second,queue_slots,insert_bundle,valid_trials,flagged_trials
256,False,1,974507.9715292582,3806.671763786165,79.85428527824897,98.25620751441878,53.98656444479376,0.0,64.0,5.0,2,0
256,False,2,867743.597808609,3389.623428939879,81.02286168381765,95.61521541034378,48.071947108998245,0.0,64.0,5.0,2,0
256,False,4,1008248.0913437251,3938.469106811426,79.74470499178119,98.53372080351215,55.85572632540962,0.0,64.0,5.0,2,0
256,False,8,902586.378890849,3525.7280425423787,81.12325242165345,96.89772058439591,50.00219509186527,0.0,64.0,5.0,2,0
256,True,1,848700.4521791418,3315.2361413247727,80.8617997674758,97.28191292096548,47.01697984470434,6.484555555207356,64.0,5.0,2,0
256,True,2,592853.3315176952,2315.833326240997,86.01132817800213,94.6258007573677,32.843358416108956,4.529737617607388,64.0,5.0,2,0
256,True,4,678641.159772107,2650.942030359793,84.1895031692415,95.32190233111272,37.595900472145544,5.1852055590323785,64.0,5.0,2,0
256,True,8,718296.6192474922,2805.8461689355163,83.26247812382132,95.16148301852331,39.79276502441412,5.4881958889834825,64.0,5.0,2,0
4096,False,1,5760598.809848194,1406.3961938105942,55.48890520519976,99.99976915215983,318.66748627057353,0.0,64.0,5.0,2,0
4096,False,2,5937974.275827145,1449.7007509343616,57.67813297260245,100.0,328.4796248581371,0.0,64.0,5.0,2,0
4096,False,4,5966374.416320811,1456.634378984573,60.3989317544134,100.0,330.0506770489919,0.0,64.0,5.0,2,0
4096,False,8,6288822.071753452,1535.3569511116825,58.60811022731558,99.99982197663545,347.8879865375288,0.0,64.0,5.0,2,0
4096,True,1,5819621.11045946,1420.8059351707666,59.454435075549114,99.99999999999999,321.9325093680931,44.40425043247337,64.0,5.0,2,0
4096,True,2,5492883.689852364,1341.0360570928624,58.50258563136905,99.99920123003068,303.8578966529372,41.91121351908702,64.0,5.0,2,0
4096,True,4,6609020.201779559,1613.5303227000877,52.066497406856314,100.0,365.6008557325712,50.42743893166025,64.0,5.0,2,0
4096,True,8,5974283.92638007,1458.5654117138843,56.66721626872807,99.99933562785063,330.48821900798174,45.584342105174734,64.0,5.0,2,0
16384,False,1,7364032.399356195,449.46486812476775,41.333559047147084,100.0,407.3382528155922,0.0,64.0,5.0,2,0
16384,False,2,8094159.667308699,494.0283000066345,41.61283784073926,99.99999999999999,447.72492543354485,0.0,64.0,5.0,2,0
16384,False,4,7962453.046468724,485.98956582450705,36.83260550787328,99.99960524301629,440.43963092263374,0.0,64.0,5.0,2,0
16384,False,8,8217820.213284368,501.5759407522197,35.9066310770468,100.0,454.5651548090097,0.0,64.0,5.0,2,0
16384,True,1,6751227.924290555,412.06225123843717,40.55332236480702,99.9989135365575,373.44123951447784,51.508960324361944,64.0,5.0,2,0
16384,True,2,7577996.475842482,462.52419896499526,40.28143413360471,100.0,419.1735827482587,57.816848162972214,64.0,5.0,2,0
16384,True,4,6829243.39665995,416.82393778442076,46.82282035526095,99.99945736354957,377.75663147422955,52.10418476590438,64.0,5.0,2,0
16384,True,8,7575696.474615848,462.3838180307524,40.724382759460845,100.0,419.04635917965885,57.799300144558785,64.0,5.0,2,0
65536,False,1,5883560.625488427,89.77601052075846,27.51054331181486,99.9996531700434,325.44086350123973,0.0,64.0,5.0,2,0
65536,False,2,7184906.837482402,109.63297786685794,29.1069927342477,100.0,397.4229950544824,0.0,64.0,5.0,2,0
65536,False,4,6446171.547913771,98.36077191030535,26.57644797616018,100.0,356.56089371154,0.0,64.0,5.0,2,0
65536,False,8,6583177.290253072,100.45131363301196,27.399301076806324,100.0,364.1391732483178,0.0,64.0,5.0,2,0
65536,True,1,6626163.433375549,101.10723012352827,30.56917820795678,99.99999999999997,366.51689116895284,50.554097178606995,64.0,5.0,2,0
65536,True,2,6452542.017226823,98.45797755778233,39.42598815539008,99.99947337713463,356.91326724282754,49.22945826311337,64.0,5.0,2,0
65536,True,4,6859345.555933444,104.66530694478521,32.06829481105248,99.99999999999999,379.41503162314314,52.33315255546787,64.0,5.0,2,0
65536,True,8,5992406.316890576,91.43686396622583,32.556653454589515,99.9990478220932,331.46150951019695,45.7188679880566,64.0,5.0,2,0
131072,False,1,4585568.7095009275,34.985112834937496,20.26258325406676,100.0,253.64316907861456,0.0,64.0,5.0,2,0
131072,False,2,5644277.918923623,43.06242308749102,22.316457353843113,99.99999999999999,312.2039226126976,0.0,64.0,5.0,2,0
131072,False,4,5722138.145277434,43.65644947263667,23.68670381778015,100.0,316.5106325997579,0.0,64.0,5.0,2,0
131072,False,8,5890357.005003154,44.939857521081194,23.323608731008562,100.00000000000003,325.8153813414394,0.0,64.0,5.0,2,0
131072,True,1,4737438.0994578,36.143784328138736,23.183470233222703,100.0,262.0435738691666,36.14395667513279,64.0,5.0,2,0
131072,True,2,4741484.204751066,36.17465366173604,23.9674114918428,99.99983698104832,262.26737750924366,36.174826155926546,64.0,5.0,2,0
131072,True,4,6215831.133952994,47.42302806055446,27.540415359892812,99.99999999999999,343.81844590110745,47.4232541911738,64.0,5.0,2,0
131072,True,8,6045135.092076024,46.12072061215228,29.15946525431093,99.99999999999999,334.3766759149452,46.12094053288579,64.0,5.0,2,0
