workers,mode,batch,trials,evaluator_batch_ms,evaluator_sample_us,overhead_percent,overhead_low,overhead_high,direct_samples_per_second,gammaboard_samples_per_second
1,materialized,128,2,0.6428159195963539,5.021999371846514,97.84339934878426,88.56117743491711,107.12562126265142,187480.18751744292,95035.6537737851
1,materialized,512,2,2.5536577151692734,4.9876127249399875,24.55713672349029,22.435247115217006,26.679026331763577,193742.37986243254,155591.09785138158
1,materialized,2048,2,10.216051453124999,4.988306373596191,8.86545259392567,7.767182179244747,9.963723008606596,195546.95093298494,179641.99360409458
1,materialized,8192,2,40.92017693229167,4.995138785680135,3.4473984450498873,2.0643901827033018,4.830406707396473,195933.3053051819,189439.96018266212
1,materialized,32768,2,163.88653564583333,5.001420155207316,1.8648800201231164,1.6644869803514206,2.065273059894812,195756.65725476126,192173.61783405708
1,training,128,2,0.640510951416015,5.003991807937618,88.64443032563068,84.5603028026293,92.72855784863205,189212.71071751835,100343.75313604294
1,training,512,2,2.5597464863281245,4.999504856109618,26.896924883664298,25.591510951285557,28.20233881604304,192529.72264283852,151738.41748745873
1,training,2048,2,10.278204072916669,5.018654332478842,6.748411402193777,5.960624934856273,7.53619786953128,193139.96253612466,180940.8818644368
1,training,8192,2,40.945625171875,4.998245260238647,5.213633640799687,2.467536160275885,7.959731121323488,195753.22318302782,186179.46405818837
1,training,32768,2,163.7579279166667,4.9974953587849935,3.4294211337832947,2.08062486017333,4.778217407393259,195878.74901562848,189417.49498269917
16,materialized,128,2,0.6410797743589658,5.00843573717942,1264.371885836742,1254.9990814515668,1273.7446902219174,2820711.92480197,206755.3129885455
16,materialized,512,2,2.5536243167968706,4.987547493743888,301.4929145261548,291.86694520389625,311.1188838484133,2944183.927368509,733742.0387160683
16,materialized,2048,2,10.199899079345707,4.980419472336772,88.26228211549,86.1000695718664,90.42449465911359,3114979.092315535,1654809.8612019396
16,materialized,8192,2,40.83596963281255,4.984859574317938,4.065944088110507,2.866322552252498,5.265565623968516,3126604.291834942,3004688.123829874
16,materialized,32768,2,163.6060172018229,4.992859411676725,2.118077875255453,2.012877934403079,2.223277816107827,3137354.8452863726,3072282.4055141006
16,training,128,2,0.643023746161882,5.023623016889703,1300.359626331925,1295.6994092458635,1305.0198434179867,2806471.7300949106,200411.54914395534
16,training,512,2,2.560343812803807,5.000671509382435,300.76335426409213,298.7887941258724,302.73791440231184,2936976.357208024,732868.1150709295
16,training,2048,2,10.225825060953781,4.993078643043838,91.21654926823496,90.39448941624701,92.0386091202229,3103578.1213182523,1623098.948063957
16,training,8192,2,40.902638364583325,4.992997847239176,6.373144423534027,6.237519429575733,6.508769417492322,3127092.318207791,2939743.737118888
16,training,32768,2,163.60855438671862,4.9929368404149965,1.6966372614235503,1.19146400119432,2.2018105216527806,3130786.847765618,3078625.6026085997
