stage,role,feedback,batch_size,overhead_us,per_sample_us
legacy,sampler,False,16,39.291210658732055,2.4557006661707534
legacy,sampler,False,256,51.03746828858591,0.19936511050228872
legacy,sampler,False,4096,605.1456437408381,0.14774063567891554
legacy,sampler,False,32768,4604.186748466805,0.14050862879842543
legacy,sampler,False,131072,22776.287216511173,0.17376928113182963
legacy,sampler,True,16,63.335833552506564,3.9584895970316603
legacy,sampler,True,256,76.98400995942316,0.3007187889039967
legacy,sampler,True,4096,649.2697622706871,0.15851312555436697
legacy,sampler,True,32768,4631.641986003999,0.1413464961549072
legacy,sampler,True,131072,24026.58229272992,0.18330827554878174
legacy,evaluator,False,16,40.15900980661623,2.5099381129135145
legacy,evaluator,False,256,72.30725293262712,0.2824502067680747
legacy,evaluator,False,4096,794.9074335117344,0.1940691976347008
legacy,evaluator,False,32768,7200.94539222762,0.21975541358116515
legacy,evaluator,False,131072,30201.434721127716,0.23041866089727567
legacy,evaluator,True,16,39.99788147248775,2.4998675920304843
legacy,evaluator,True,256,73.37053298788406,0.2866036444839221
legacy,evaluator,True,4096,853.5657848530691,0.20839008419264382
legacy,evaluator,True,32768,7237.6950453390655,0.22087692399106035
legacy,evaluator,True,131072,32919.48703056442,0.2511557543225435
native,sampler,False,16,40.06107484599725,2.503817177874828
native,sampler,False,256,53.8026182714954,0.2101664776230289
native,sampler,False,4096,655.6376318548926,0.16006778121457338
native,sampler,False,32768,5395.289067581994,0.1646511556268919
native,sampler,False,131072,24374.748763229665,0.1859645749147771
native,sampler,True,16,66.51910415587686,4.157444009742304
native,sampler,True,256,83.81975622043907,0.32742092273609014
native,sampler,True,4096,728.0801804957923,0.17775395031635555
native,sampler,True,32768,5998.777947726859,0.18306817467428158
native,sampler,True,131072,25221.032366730182,0.1924212064112105
native,evaluator,False,16,41.84158183223195,2.615098864514497
native,evaluator,False,256,78.41266645792946,0.30629947835128696
native,evaluator,False,4096,880.6500813971617,0.21500246127860392
native,evaluator,False,32768,7893.102925824615,0.24087838518751878
native,evaluator,False,131072,32812.53624799626,0.25033978460690504
native,evaluator,True,16,42.263204277508706,2.641450267344294
native,evaluator,True,256,78.72897689544857,0.30753506599784597
native,evaluator,True,4096,932.2277379213634,0.22759466257845787
native,evaluator,True,32768,8265.969958085572,0.2522573839747794
native,evaluator,True,131072,35112.250005020614,0.26788520816818706
python-pack,sampler,False,16,41.68463570484743,2.6052897315529644
python-pack,sampler,False,256,50.90245840772167,0.19883772815516276
python-pack,sampler,False,4096,446.3731002999574,0.10897780769041929
python-pack,sampler,False,32768,3534.968986139558,0.10787869220396601
python-pack,sampler,False,131072,14591.739974360677,0.11132614116180936
python-pack,sampler,True,16,68.58346058545969,4.286466286591231
python-pack,sampler,True,256,78.79454273874686,0.3077911825732299
python-pack,sampler,True,4096,507.01620741643757,0.1237832537637787
python-pack,sampler,True,32768,3744.6553305532784,0.11427781160135737
python-pack,sampler,True,131072,15435.266893128675,0.1177617408228201
python-pack,evaluator,False,16,40.46202163979411,2.528876352487132
python-pack,evaluator,False,256,64.49206166416295,0.2519221158756365
python-pack,evaluator,False,4096,401.67940640808234,0.09806626133009823
python-pack,evaluator,False,32768,3152.9172214816926,0.09621939762822548
python-pack,evaluator,False,131072,13674.336917521425,0.10432691129700794
python-pack,evaluator,True,16,40.15934948206954,2.509959342629346
python-pack,evaluator,True,256,66.11572552388125,0.25826455282766114
python-pack,evaluator,True,4096,420.5920047030039,0.10268359489819431
python-pack,evaluator,True,32768,3295.2384021060466,0.10056269537677144
python-pack,evaluator,True,131072,13534.464299902978,0.10325976791307814
