operation,batch,feedback,calls,wall_us,callback_us,overhead_us,overhead_median_us,overhead_fraction
eval,16,False,640,42.1242578125,1.6622361727058887,40.46202163979411,39.36064524400234,0.9605396923524517
eval,16,True,640,41.776778125,1.617428642930463,40.15934948206954,39.274912413358685,0.9612840263054522
generate,16,False,640,50.2106625,8.526026795152575,41.68463570484743,40.47990393102169,0.8301948954536783
generate,16,True,640,51.0285796875,8.57949344208464,42.44908624541536,41.18508245635033,0.8318688567342923
feedback,16,True,640,29.271609375,3.1372350349556655,26.134374340044335,25.849965438842773,0.8928232816049027
eval,256,False,640,66.49666875000001,2.0046070858370513,64.49206166416295,63.38068836033345,0.9698540224116557
eval,256,True,640,68.0877203125,1.9719947886187585,66.11572552388125,64.17053826200961,0.9710374384754261
generate,256,False,640,61.56958125,10.667122842278332,50.90245840772167,49.61010167181492,0.8267468671101554
generate,256,True,640,62.0709140625,10.8406413346529,51.230272727847094,49.91501507937908,0.8253507057470215
feedback,256,True,640,30.8904609375,3.3261909266002476,27.564270010899754,27.201906956195835,0.8923230400048073
eval,4096,False,640,406.855353125,5.175946716917679,401.67940640808234,407.73625844395156,0.9872781648879339
eval,4096,True,640,425.8282421875,5.236237484496087,420.5920047030039,422.6009838399887,0.98770340488081
generate,4096,False,640,485.1363,38.763199700042605,446.3731002999574,447.891392166853,0.9200983317470933
generate,4096,True,640,498.645640625,38.97470232914202,459.670938295858,453.0606271026134,0.9218388788473287
feedback,4096,True,640,52.559718749999995,5.214449629420415,47.34526912057958,47.31490333914757,0.900790001289335
eval,32768,False,160,3192.56504375,39.64782226830721,3152.9172214816926,3149.1544122405053,0.9875812014085901
eval,32768,True,160,3333.5408125,38.30241039395332,3295.2384021060466,3283.6551888960603,0.9885099920629955
generate,32768,False,160,3801.58390625,266.61492011044174,3534.968986139558,3566.4050472710132,0.9298674114039379
generate,32768,True,160,3753.65885625,239.56701334100217,3514.091842908998,3513.544436624527,0.9361777341747205
feedback,32768,True,160,250.06145625000002,19.497968605719507,230.56348764428049,229.04038233447076,0.9220272932177667
eval,131072,False,160,13816.09600625,141.7590887285769,13674.336917521425,14030.49077075708,0.989739569798556
eval,131072,True,160,13674.2153,139.75100009702146,13534.464299902978,14582.30721219194,0.9897799619918942
generate,131072,False,160,15518.64768125,926.9077068893239,14591.739974360677,15565.57508411479,0.9402713608860883
generate,131072,True,160,15552.96443125,926.1861734557897,14626.778257794209,15571.36429431212,0.9404495408222732
feedback,131072,True,160,872.2782625,63.7896271655336,808.4886353344664,812.2974334514141,0.926870094202842
